번호,트랙,종목,매수일,매수가,익절가(+12%),손절선,비중,투입금(원),청산일,청산가,사유,수익률(%),손익(원),비고
1,주봉 신호,티앤엘,2026-08-21,29700,33264,,5%,1500000,2026-08-28,33264,익절,12.0,180000,8/24주 고가 34200로 목표 도달
2-1,스크리너 묶음,프로텍,2026-09-02,58700,65744,,5%,1500000,2026-09-11,65744,익절,12.0,180000,이후 최고 +46%
2-2,스크리너 묶음,에프앤가이드,2026-09-02,16130,18066,,5%,1500000,2026-09-11,18066,익절,12.0,180000,이후 최고 +30.8%
2-3,스크리너 묶음,뉴파워프라즈마,2026-09-02,8860,9923,,5%,1500000,2026-09-18,9923,익절,12.0,180000,이후 최고 +58%
2-4,스크리너 묶음,롯데정밀화학,2026-09-02,47700,53424,,5%,1500000,2026-09-18,44504,손절,-6.7,-100500,캔들 손절 금요일 종가
2-5,스크리너 묶음,해성디에스,2026-09-02,53800,60256,,5%,1500000,2026-09-25,60256,익절,12.0,180000,
2-6,스크리너 묶음,지앤비에스 에코,2026-09-02,5090,5701,,5%,1500000,2026-10-02,5701,익절,12.0,180000,
2-7,스크리너 묶음,유니트론텍,2026-09-02,6040,6765,,5%,1500000,2026-10-02,6765,익절,12.0,180000,
3,주봉 신호,레이언스,2026-08-28,7300,8176,5610,5%,1500000,2026-09-18,8176,익절,12.0,180000,8/27 스캔 대기→8/24주 첫 음봉 매수
4,주봉 신호,에스넷,2026-09-04,3930,4402,3665,5%,1500000,2026-09-23,3590,손절,-8.7,-130500,9/21주 음봉 종가 손절선 이탈(추석 전 마지막 거래일)
